{
  "name": "GizmosSphere",
  "vertex_count": 44,
  "index_count": 252,
  "triangle_count": 84,
  "vertex_stride": 12,
  "index_format": "uint32",
  "aabb_min": [
    -0.984379,
    -1.015885,
    -0.984137
  ],
  "aabb_max": [
    1.029403,
    1.03097,
    1.01295
  ]
}